play_time,track_title,track_url
2024-05-02 04:21:11 UTC,Kendrick Lamar - World Negatives,https://soundcloud.com/tobylesc/world-negatives
2024-05-02 04:26:42 UTC,Wiz Khalifa - Hella O's (Adele's Hello Cover),https://soundcloud.com/reefyeus/hella-os
2024-05-02 04:27:32 UTC,J. Cole - Black Friday,https://soundcloud.com/dreamvillerecords/j-cole-black-friday
2024-05-02 04:30:41 UTC,Kendrick Lamar ft Gunplay - Cartoon and Cereal,https://soundcloud.com/producedbythc/kendrick-lamar-ft-gunplay
2024-05-02 04:37:30 UTC,"Planes Remix (feat. Chance The Rapper & The Social Experiment, Lido)",https://soundcloud.com/patycake/planes-remix-feat-chance-the-rapper-the-social-experiment-lido
2024-05-02 04:42:04 UTC,Giants ft. Childish Gambino - Josh Osho,https://soundcloud.com/forever-childish3/giants-ft-childish-gambino
2024-05-02 04:43:04 UTC,Giants ft. Childish Gambino - Josh Osho,https://soundcloud.com/forever-childish3/giants-ft-childish-gambino
2024-05-02 04:50:10 UTC,"Kendrick Lamar - Westside, Right On Time ft. Young Jeezy (Prod. by Canei Finch)",https://soundcloud.com/topdawgent/kendrick-lamar-westside-right
2024-05-02 04:53:10 UTC,"Kendrick Lamar - Westside, Right On Time ft. Young Jeezy (Prod. by Canei Finch)",https://soundcloud.com/topdawgent/kendrick-lamar-westside-right
2024-05-18 11:46:10 UTC,oops.,https://soundcloud.com/orangesodabandit/oops
2024-08-20 09:09:50 UTC,Israel (Sparring) - Chance The Rapper & Noname Gypsy,https://soundcloud.com/chancetherapper/israel-sparring-chance-the-rapper-noname-gypsy
2024-08-20 09:10:11 UTC,Kendrick Lamar - World Negatives,https://soundcloud.com/tobylesc/world-negatives
2024-08-20 09:13:33 UTC,Kendrick Lamar - World Negatives,https://soundcloud.com/tobylesc/world-negatives
2024-08-26 07:35:08 UTC,Kendrick Lamar - World Negatives,https://soundcloud.com/tobylesc/world-negatives
2024-08-26 07:35:08 UTC,Kendrick Lamar - World Negatives,https://soundcloud.com/tobylesc/world-negatives
2024-08-26 07:40:08 UTC,Wiz Khalifa - Hella O's (Adele's Hello Cover),https://soundcloud.com/reefyeus/hella-os
2024-08-26 07:42:08 UTC,J. Cole - Black Friday,https://soundcloud.com/dreamvillerecords/j-cole-black-friday
2024-08-26 07:42:08 UTC,J. Cole - Black Friday,https://soundcloud.com/dreamvillerecords/j-cole-black-friday
2024-08-26 07:43:08 UTC,J. Cole - Black Friday,https://soundcloud.com/dreamvillerecords/j-cole-black-friday
2024-08-26 07:45:08 UTC,Kendrick Lamar ft Gunplay - Cartoon and Cereal,https://soundcloud.com/producedbythc/kendrick-lamar-ft-gunplay
2025-01-10 09:43:57 UTC,Hamburger Strangler,https://soundcloud.com/leopoldco/hamburger-strangler
2025-01-10 09:49:57 UTC,Freedom Fry - Shaky Ground (O.G. Mix),https://soundcloud.com/freedomfry/freedom-fry-shaky-ground-hey-na-na-na
2025-01-10 10:19:27 UTC,Freedom Fry - Shaky Ground (O.G. Mix),https://soundcloud.com/freedomfry/freedom-fry-shaky-ground-hey-na-na-na
2025-01-10 10:23:48 UTC,Freedom Fry - Shaky Ground (O.G. Mix),https://soundcloud.com/freedomfry/freedom-fry-shaky-ground-hey-na-na-na
2025-02-26 06:10:50 UTC,Israel (Sparring) - Chance The Rapper & Noname Gypsy,https://soundcloud.com/chancetherapper/israel-sparring-chance-the-rapper-noname-gypsy
2025-02-26 06:13:20 UTC,Israel (Sparring) - Chance The Rapper & Noname Gypsy,https://soundcloud.com/chancetherapper/israel-sparring-chance-the-rapper-noname-gypsy
2025-02-26 06:14:11 UTC,oops.,https://soundcloud.com/orangesodabandit/oops
2025-02-26 06:16:56 UTC,Kendrick Lamar - World Negatives,https://soundcloud.com/tobylesc/world-negatives
2025-02-26 06:22:06 UTC,Wiz Khalifa - Hella O's (Adele's Hello Cover),https://soundcloud.com/reefyeus/hella-os
2025-02-26 06:23:06 UTC,Wiz Khalifa - Hella O's (Adele's Hello Cover),https://soundcloud.com/reefyeus/hella-os
2025-02-26 06:24:33 UTC,J. Cole - Black Friday,https://soundcloud.com/dreamvillerecords/j-cole-black-friday
2025-02-26 06:27:41 UTC,Kendrick Lamar ft Gunplay - Cartoon and Cereal,https://soundcloud.com/producedbythc/kendrick-lamar-ft-gunplay
2025-02-26 06:33:23 UTC,Kendrick Lamar ft Gunplay - Cartoon and Cereal,https://soundcloud.com/producedbythc/kendrick-lamar-ft-gunplay
2025-02-26 06:34:45 UTC,"Planes Remix (feat. Chance The Rapper & The Social Experiment, Lido)",https://soundcloud.com/patycake/planes-remix-feat-chance-the-rapper-the-social-experiment-lido
2025-02-26 06:34:53 UTC,Israel (Sparring) - Chance The Rapper & Noname Gypsy,https://soundcloud.com/chancetherapper/israel-sparring-chance-the-rapper-noname-gypsy
2025-02-26 06:38:15 UTC,oops.,https://soundcloud.com/orangesodabandit/oops
2025-02-26 06:40:59 UTC,Kendrick Lamar - World Negatives,https://soundcloud.com/tobylesc/world-negatives
2025-03-01 19:35:21 UTC,Kanye West - Deja Vu (feat. Kendrick Lamar & Pusha T).mp3,https://soundcloud.com/user-572453488/kanye-west-deja-vu-feat
2025-03-01 19:36:53 UTC,Kanye West - Deja Vu (feat. Kendrick Lamar & Pusha T).mp3,https://soundcloud.com/user-572453488/kanye-west-deja-vu-feat
2025-03-02 18:00:16 UTC,Kanye West - Deja Vu (feat. Kendrick Lamar & Pusha T).mp3,https://soundcloud.com/user-572453488/kanye-west-deja-vu-feat
